D.PG-13-UG-583662|Uganda|MRC_Uganda|2013-11		
	query coords	Best Match
	(150,7981)	D...CONSENSUS_D.
D.PG-13-UG-154632|Uganda|MRC_Uganda|2013-11		
	query coords	Best Match
	(150,4019)	D...CONSENSUS_D.
	(4096,7977)	D...CONSENSUS_D.
D.PG-13-UG-018857|Uganda|MRC_Uganda|2013-11		
	query coords	Best Match
	(150,318)	D...CONSENSUS_D.
	(634,2605)	D...CONSENSUS_D.
	(2632,4000)	D...CONSENSUS_D.
	(5209,5786)	D...CONSENSUS_D.
	(6006,7979)	D...CONSENSUS_D.
A1.PG-13-UG-124480|Uganda|MRC_Uganda|2013-12		
	query coords	Best Match
	(150,1053)	A1...CONSENSUS_A1.
	(1129,1525)	A1...CONSENSUS_A1.
	(2011,2589)	A1...CONSENSUS_A1.
	(4027,4927)	A1...CONSENSUS_A1.
	(4931,6531)	A1...CONSENSUS_A1.
D.PG-13-UG-305142|Uganda|MRC_Uganda|2013-11		
	query coords	Best Match
	(150,1151)	D...CONSENSUS_D.
	(1454,3487)	D...CONSENSUS_D.
	(3498,4474)	D...CONSENSUS_D.
	(4752,7964)	D...CONSENSUS_D.
D.PG-13-UG-540147|Uganda|MRC_Uganda|2013-12		
	query coords	Best Match
	(150,1343)	D...CONSENSUS_D.
	(4045,7971)	D...CONSENSUS_D.
A1.PG-13-UG-687886|Uganda|MRC_Uganda|2013-12		
	query coords	Best Match
	(150,833)	A1...CONSENSUS_A1.
	(835,1357)	A1...CONSENSUS_A1.
	(1503,2507)	A1...CONSENSUS_A1.
	(2526,3801)	A1...CONSENSUS_A1.
	(4171,5488)	A1...CONSENSUS_A1.
	(5543,7982)	A1...CONSENSUS_A1.
A1.PG-13-UG-262118|Uganda|MRC_Uganda|2013-11		
	query coords	Best Match
	(150,1010)	A1...CONSENSUS_A1.
	(1039,1730)	A1...CONSENSUS_A1.
	(1731,1861)	K...CONSENSUS_K.
	(1862,2243)	A1...CONSENSUS_A1.
	(2409,2527)	A3...CONSENSUS_A3.
	(2572,2693)	A1...CONSENSUS_A1.
A1.PG-13-UG-587778|Uganda|MRC_Uganda|2013-11		
	query coords	Best Match
	(895,1728)	A1...CONSENSUS_A1.
	(1837,2247)	A1...CONSENSUS_A1.
D.PG-13-UG-408324|Uganda|MRC_Uganda|2013-11		
	query coords	Best Match
	(150,3051)	D...CONSENSUS_D.
	(3756,6515)	D...CONSENSUS_D.
10_CD.PG-13-UG-406431|Uganda|MRC_Uganda|2013-12		
	query coords	Best Match
	(150,602)	C...CONSENSUS_C.
	(603,1166)	D...CONSENSUS_D.
	(1167,1490)	A1...CONSENSUS_A1.
	(1857,2227)	D...CONSENSUS_D.
	(2228,2562)	C...CONSENSUS_C.
	(2563,3146)	A1...CONSENSUS_A1.
	(3518,3775)	D...CONSENSUS_D.
	(3926,4998)	A1...CONSENSUS_A1.
	(4999,6584)	C...CONSENSUS_C.
	(6608,7429)	D...CONSENSUS_D.
	(7430,7787)	C...CONSENSUS_C.
	(7835,7867)	L...CONSENSUS_L.
	(7919,7974)	L...CONSENSUS_L.
A1.PG-13-UG-081804|Uganda|MRC_Uganda|2013-12		
	query coords	Best Match
	(150,835)	A1...CONSENSUS_A1.
	(1716,1737)	A1...CONSENSUS_A1.
A1.PG-13-UG-068473|Uganda|MRC_Uganda|2013-12		
	query coords	Best Match
	(150,1174)	A1...CONSENSUS_A1.
	(1397,1772)	A1...CONSENSUS_A1.
	(1827,1914)	A1...CONSENSUS_A1.
	(2538,4986)	A1...CONSENSUS_A1.
	(4987,6511)	D...CONSENSUS_D.
D.PG-13-UG-280205|Uganda|MRC_Uganda|2013-12		
	query coords	Best Match
	(150,481)	D...CONSENSUS_D.
	(6507,6611)	A1...CONSENSUS_A1.
	(6966,7095)	A1...CONSENSUS_A1.
	(7096,8005)	D...CONSENSUS_D.
D.PG-13-UG-724533|Uganda|MRC_Uganda|2013-12		
	query coords	Best Match
	(150,3985)	D...CONSENSUS_D.
D.PG-13-UG-232316|Uganda|MRC_Uganda|2013-12		
	query coords	Best Match
	(150,5224)	D...CONSENSUS_D.
	(5225,6520)	A1...CONSENSUS_A1.
	(6631,7051)	A1...CONSENSUS_A1.
	(7052,7969)	D...CONSENSUS_D.
D.PG-13-UG-635075|Uganda|MRC_Uganda|2013-11		
	query coords	Best Match
	(150,1354)	D...CONSENSUS_D.
	(7287,7432)	D...CONSENSUS_D.
	(7433,7730)	A1...CONSENSUS_A1.
	(7731,7977)	D...CONSENSUS_D.
50_A1D.PG-13-UG-532633|Uganda|MRC_Uganda|2013-11		
	query coords	Best Match
	(150,1082)	A1...CONSENSUS_A1.
	(1166,1767)	D...CONSENSUS_D.
	(1821,2084)	A1...CONSENSUS_A1.
	(2604,3185)	D...CONSENSUS_D.
	(3515,3843)	D...CONSENSUS_D.
	(3968,4684)	A1...CONSENSUS_A1.
	(4924,7491)	D...CONSENSUS_D.
	(7492,7993)	A1...CONSENSUS_A1.
A1.PG-13-UG-536811|Uganda|MRC_Uganda|2013-11		
	query coords	Best Match
	(150,3797)	A1...CONSENSUS_A1.
	(3867,7984)	A1...CONSENSUS_A1.
50_A1D.PG-13-UG-543325|Uganda|MRC_Uganda|2013-11		
	query coords	Best Match
	(150,965)	A1...CONSENSUS_A1.
	(1606,1815)	A1...CONSENSUS_A1.
	(1830,2037)	A1...CONSENSUS_A1.
	(2038,2121)	D...CONSENSUS_D.
	(2610,2880)	D...CONSENSUS_D.
	(2927,3715)	A1...CONSENSUS_A1.
	(4031,4792)	A1...CONSENSUS_A1.
	(4793,5128)	D...CONSENSUS_D.
	(5129,5354)	A1...CONSENSUS_A1.
	(5355,5475)	D...CONSENSUS_D.
	(5840,7488)	D...CONSENSUS_D.
	(7524,7987)	A1...CONSENSUS_A1.
D.PG-13-UG-041508|Uganda|MRC_Uganda|2013-12		
	query coords	Best Match
D.PG-13-UG-453785|Uganda|MRC_Uganda|2013-11		
	query coords	Best Match
	(150,1765)	D...CONSENSUS_D.
	(2008,2851)	D...CONSENSUS_D.
	(2925,3237)	A1...CONSENSUS_A1.
	(3238,4128)	D...CONSENSUS_D.
	(4181,4678)	D...CONSENSUS_D.
	(4679,5047)	A1...CONSENSUS_A1.
	(5048,5355)	D...CONSENSUS_D.
	(5356,6793)	A1...CONSENSUS_A1.
	(7028,7978)	D...CONSENSUS_D.
31_BC.PG-13-UG-540284|Uganda|MRC_Uganda|2013-11		
	query coords	Best Match
	(150,1344)	C...CONSENSUS_C.
	(4019,6494)	C...CONSENSUS_C.
A1.PG-13-UG-886045|Uganda|MRC_Uganda|2013-11		
	query coords	Best Match
	(150,4095)	A1...CONSENSUS_A1.
	(4181,4769)	A1...CONSENSUS_A1.
	(4825,6582)	A1...CONSENSUS_A1.
	(7163,7981)	A1...CONSENSUS_A1.
D.PG-13-UG-823037|Uganda|MRC_Uganda|2013-11		
	query coords	Best Match
	(150,2877)	D...CONSENSUS_D.
	(4097,4493)	D...CONSENSUS_D.
	(7947,7992)	D...CONSENSUS_D.
50_A1D.PG-13-UG-748334|Uganda|MRC_Uganda|2013-12		
	query coords	Best Match
	(150,1711)	A1...CONSENSUS_A1.
	(2105,3697)	A1...CONSENSUS_A1.
	(3896,4604)	A1...CONSENSUS_A1.
	(4644,4791)	B...CONSENSUS_B.
	(4803,7480)	D...CONSENSUS_D.
	(7481,7971)	A1...CONSENSUS_A1.
A1.PG-13-UG-815301|Uganda|MRC_Uganda|2013-11		
	query coords	Best Match
	(150,1811)	A1...CONSENSUS_A1.
	(1860,2277)	A1...CONSENSUS_A1.
	(2508,6484)	A1...CONSENSUS_A1.
	(6526,6583)	A1...CONSENSUS_A1.
	(6584,6639)	A2...CONSENSUS_A2.
	(6640,7362)	A1...CONSENSUS_A1.
	(7365,7976)	A1...CONSENSUS_A1.
D.PG-13-UG-138410|Uganda|MRC_Uganda|2013-11		
	query coords	Best Match
	(150,5187)	D...CONSENSUS_D.
	(5188,5475)	A1...CONSENSUS_A1.
	(6368,6490)	A1...CONSENSUS_A1.
A1.PG-13-UG-801057|Uganda|MRC_Uganda|2013-11		
	query coords	Best Match
	(150,1110)	A1...CONSENSUS_A1.
	(1127,5482)	A1...CONSENSUS_A1.
	(5528,6463)	A1...CONSENSUS_A1.
	(6517,7385)	A1...CONSENSUS_A1.
	(7392,7863)	A1...CONSENSUS_A1.
	(7868,7979)	A1...CONSENSUS_A1.
D.PG-13-UG-283620|Uganda|MRC_Uganda|2013-11		
	query coords	Best Match
	(150,1907)	D...CONSENSUS_D.
